{"cameraMode":{"drawMode":0,"name":"Shaded","section":"Shading Mode"},"sceneLighting":true,"audioPlay":false,"sceneViewState":{"m_AlwaysRefresh":false,"showFog":true,"showSkybox":true,"showFlares":true,"showImageEffects":true,"showParticleSystems":true,"showVisualEffectGraphs":true,"m_FxEnabled":true},"in2DMode":false,"pivot":{"x":618.5598754882813,"y":670.9049072265625,"z":-882.5589599609375},"rotation":{"x":-0.08421000838279724,"y":-0.0038891006261110307,"z":0.0003263310936745256,"w":-0.9964500665664673},"size":60.61904525756836,"orthographic":false}